Department,Percentage
Sales,5.88235294117647
Finance,4.3478260869565215
Marketing,9.090909090909092
IT,15.0
